condition,adaptation_seed,learning_seconds,native_successes,warp_successes,episodes,position_error_integral_m_s,yaw_error_integral_rad_s,time_including_failures_s,body_contact_episodes,body_impulse_fraction,native_falls,warp_falls
baseline,20261020,41.657852733973414,48,49,50,6.600292633961187,5.340297936886292,20.252,22,0.04898011978661858,0,0
baseline,20261021,41.49446982005611,47,46,50,6.407805523087982,5.306388175285982,19.836000000000002,41,0.091584277731627,0,0
baseline,20261022,42.017168351914734,50,50,50,6.229723339844257,4.749056722526986,19.368,21,0.024509192615916456,0,0
time_cost,20261020,41.44315993785858,47,49,50,6.687051148427976,5.409520229167986,20.964000000000002,17,0.03324702595721644,0,0
time_cost,20261021,41.417937967926264,48,43,50,6.286102690450937,5.091474265760176,19.248,38,0.09400487418262703,0,0
time_cost,20261022,41.75168134504929,49,50,50,6.1700665080223835,4.692082353198712,18.952,47,0.07843226611840397,0,0
body_cost,20261020,41.50958706019446,47,46,50,6.902062820421581,5.860656624933073,21.107999999999997,9,0.022881616963900026,0,0
body_cost,20261021,41.46505966898985,47,46,50,6.176224288221556,4.89839430080774,19.288,40,0.09088890314975794,0,0
body_cost,20261022,42.11250908393413,48,47,50,6.309797172436486,4.738129539159995,19.944,27,0.03438902293002718,0,0
time_body_cost,20261020,41.68718569399789,49,49,50,6.3591337834997725,5.081919506278266,19.324,33,0.05151179287447644,0,0
time_body_cost,20261021,41.58417764189653,47,45,50,6.484286572305856,5.310154962651048,20.232,27,0.05266340916360934,0,0
time_body_cost,20261022,42.86196001106873,50,49,50,6.222261100923748,4.768652012546607,19.404,27,0.03292508852394628,0,0
