rollouts,team_steps,stage,next_stage,validation_success_rate,elapsed_seconds,team_steps_per_second,episodes,successes,mean_step_reward,loss_objective,loss_critic,loss_entropy,kl_approx,clip_fraction
1,256,rotate,rotate,,2.1116950600408018,121.22962488487974,4,0,-0.8689068555831909,-0.007987179793417454,0.9847193956375122,-0.0007957021007314324,0.0058187153190374374,0.171875
2,512,rotate,rotate,,4.19681384996511,121.99730993650253,4,0,-0.8185311555862427,-0.00313673447817564,0.867822527885437,-0.0008687711670063436,-0.0024023198056966066,0.06640625
3,768,rotate,rotate,,6.752069500973448,113.74290502923247,4,0,-0.7931268811225891,-0.010049596428871155,0.8024439811706543,-0.0009072339162230492,0.002566831884905696,0.140625
4,1024,rotate,rotate,,8.320747848134488,123.06586122899769,4,0,-0.7722764015197754,-0.004103770479559898,0.6714788675308228,-0.0008671883842907846,0.018893355503678322,0.15625
5,1280,rotate,rotate,,10.029540779069066,127.62299173968846,4,1,-0.7018696665763855,-0.012993800453841686,0.6272748708724976,-0.0007642380660399795,0.0010974821634590626,0.23828125
6,1536,rotate,rotate,,11.622560956981033,132.15676008800878,4,0,-0.7679215669631958,-0.016760069876909256,0.602848470211029,-0.0007225685985758901,0.014005669392645359,0.1484375
7,1792,rotate,rotate,,13.484215731034055,132.89612356732727,4,0,-0.8191105723381042,0.005259094759821892,0.6786869764328003,-0.0006384812877513468,0.01359282061457634,0.2109375
8,2048,rotate,rotate,,15.172383181983605,134.98209051508076,6,0,-0.8682031631469727,-0.00099234189838171,0.7181325554847717,-0.0007139677181839943,0.01593145728111267,0.26171875
9,2304,rotate,rotate,,16.86348613211885,136.6265540795691,4,0,-0.6407071352005005,-0.02286972478032112,0.38984888792037964,-0.0006137528689578176,0.0007773209363222122,0.05859375
10,2560,rotate,rotate,,18.640567084075883,137.33487765975406,4,1,-0.6031579971313477,-0.00922534428536892,0.45565205812454224,-0.0006533380364999175,0.020721809938549995,0.2890625
11,2816,rotate,rotate,,20.528968838974833,137.1720139519986,4,0,-0.5918546915054321,-0.018407482653856277,0.2576411962509155,-0.0006486512720584869,0.0016642839182168245,0.1640625
12,3072,rotate,rotate,,22.453181565040722,136.8180269286674,5,2,-0.3734733462333679,-0.025690607726573944,0.43786948919296265,-0.0006690524751320481,0.007169507443904877,0.16015625
13,3328,rotate,rotate,,24.093213493935764,138.13018345758044,4,0,-0.6898993849754333,-0.005039467476308346,0.3483715057373047,-0.00046085461508482695,0.023717472329735756,0.28515625
14,3584,rotate,rotate,,25.727712152991444,139.30504114347676,5,1,-0.5405097007751465,-0.009420085698366165,0.4116883873939514,-0.0005476208170875907,0.018192820250988007,0.390625
15,3840,rotate,rotate,,27.366692241979763,140.31655583532833,4,0,-0.5323577523231506,-0.00488906167447567,0.19980265200138092,-0.0005564176826737821,0.02879091538488865,0.3046875
16,4096,rotate,rotate,,29.067403272958472,140.91386015931207,4,0,-0.543061375617981,-0.012827091850340366,0.2048615962266922,-0.0006050219526514411,0.028634438291192055,0.26171875
17,4352,rotate,rotate,,30.73137610196136,141.61422467906485,4,1,-0.3990333676338196,-0.0017514200881123543,0.2536226511001587,-0.0005131671787239611,0.028157996013760567,0.3125
18,4608,rotate,rotate,,32.31480282009579,142.5971876001792,6,3,-0.1781759262084961,-0.023444009944796562,0.3174259662628174,-0.0005106987082399428,0.017703767865896225,0.28515625
19,4864,rotate,rotate,,33.882713828003034,143.5540265366835,4,2,-0.3797328472137451,-0.0021516866981983185,0.3533852696418762,-0.00048634695122018456,0.013039544224739075,0.23046875
20,5120,rotate,rotate,,35.696236121002585,143.43248914659512,5,2,-0.35737738013267517,-0.009258046746253967,0.290745347738266,-0.0006093927077017725,0.01132796797901392,0.109375
21,5376,rotate,rotate,,37.52604763396084,143.2604907513562,4,1,-0.40769821405410767,-0.004425988532602787,0.21863341331481934,-0.0004498685884755105,0.007503911852836609,0.16015625
22,5632,rotate,rotate,,39.271232845960185,143.41286463023178,6,3,-0.28531309962272644,-0.006548289675265551,0.3775632679462433,-0.00047825899673625827,0.028663575649261475,0.2890625
23,5888,rotate,rotate,,40.93768545612693,143.82835605862945,4,1,-0.4869022071361542,-0.0140740517526865,0.23044046759605408,-0.00044726827763952315,0.0319952629506588,0.265625
24,6144,rotate,rotate,,42.55765067413449,144.36887146437746,5,3,-0.22034794092178345,-0.0019711293280124664,0.37489503622055054,-0.00034448312362655997,0.006757211871445179,0.25390625
25,6400,rotate,rotate,0.3333333333333333,50.73343734908849,126.14954425348013,6,3,-0.20532682538032532,-0.005756977945566177,0.31819403171539307,-0.00029714530683122575,0.006788214202970266,0.1484375
26,6656,rotate,rotate,0.3333333333333333,52.41605703905225,126.98398880024473,5,4,-0.16260391473770142,-0.006890487857162952,0.37072065472602844,-0.0002574582467786968,0.017096223309636116,0.12109375
27,6912,rotate,rotate,0.3333333333333333,54.064595299074426,127.84706815549458,5,2,-0.3179011940956116,-0.0037256479263305664,0.2615891098976135,-0.00025392064708285034,0.01437886618077755,0.15234375
28,7168,rotate,rotate,0.3333333333333333,55.681914096930996,128.73120682457065,5,3,-0.23642362654209137,-0.01157282292842865,0.2829919457435608,-0.0003863175807055086,0.039745353162288666,0.328125
29,7424,rotate,rotate,0.3333333333333333,57.33091175695881,129.49384149814915,4,0,-0.40122902393341064,-0.00832687970250845,0.0551716685295105,-0.00019239507673773915,-0.0013999209040775895,0.10546875
30,7680,rotate,rotate,0.3333333333333333,58.978756186086684,130.2163778389708,5,3,-0.21422436833381653,-0.00631964486092329,0.33135348558425903,-0.00038718990981578827,0.019496062770485878,0.16796875
31,7936,rotate,rotate,0.3333333333333333,60.598809784976766,130.9596678244898,5,1,-0.37130919098854065,-0.005655341781675816,0.17128892242908478,-0.00023824009986128658,0.023061785846948624,0.28125
32,8192,rotate,rotate,0.3333333333333333,62.23111846297979,131.63832182886568,5,3,-0.14312902092933655,-0.008071827702224255,0.25808846950531006,-0.0001044071905198507,0.01916511356830597,0.1015625
33,8448,rotate,rotate,0.3333333333333333,63.847650941926986,132.3149697031756,5,0,-0.40425559878349304,-0.008032562211155891,0.0440923348069191,-0.00025977654149755836,0.0034542304929345846,0.2109375
34,8704,rotate,rotate,0.3333333333333333,65.50370242097415,132.87798518718535,5,2,-0.2755790650844574,-0.005387141369283199,0.13043734431266785,-0.00011465475836303085,0.019579624757170677,0.1796875
35,8960,rotate,rotate,0.3333333333333333,67.11527321999893,133.50165424537244,4,1,-0.3581342101097107,-0.00012360699474811554,0.13791710138320923,-0.00021247654512990266,0.04660837724804878,0.40234375
36,9216,rotate,rotate,0.3333333333333333,68.74180612899363,134.0668876623088,6,2,-0.2582395672798157,-0.00902760960161686,0.16696619987487793,-0.00016007220256142318,0.0035777725279331207,0.19140625
37,9472,rotate,rotate,0.3333333333333333,70.40103336796165,134.54347964600404,5,3,-0.22648844122886658,-0.010840719565749168,0.3250959515571594,-0.00015965425700414926,-0.0038897916674613953,0.12890625
38,9728,rotate,rotate,0.3333333333333333,72.06458299793303,134.99002693568656,4,1,-0.3780449628829956,-0.013673491775989532,0.13905872404575348,-0.00010851503611775115,-0.001739482395350933,0.0859375
39,9984,rotate,rotate,0.3333333333333333,73.7318079280667,135.4096729832051,6,4,-0.1451544463634491,-0.006742050871253014,0.3578544855117798,-4.422576603246853e-05,0.020935462787747383,0.11328125
40,10240,rotate,rotate,0.3333333333333333,75.39007737697102,135.82689335623303,5,2,-0.23931902647018433,-0.0003752950578927994,0.2157561182975769,-8.833159517962486e-05,-0.004962575621902943,0.27734375
41,10496,rotate,rotate,0.3333333333333333,77.14820949896239,136.04981979706434,5,2,-0.27848678827285767,-0.006794409826397896,0.11647793650627136,-6.296567153185606e-05,0.024450108408927917,0.203125
42,10752,rotate,rotate,0.3333333333333333,78.86324521992356,136.3372756220749,7,6,0.06540210545063019,-0.0036184522323310375,0.49740180373191833,1.847769453888759e-05,0.015083840116858482,0.078125
43,11008,rotate,rotate,0.3333333333333333,80.73204403510317,136.35230138869767,6,3,-0.15978117287158966,-0.01514459028840065,0.24639227986335754,8.617158164270222e-05,-0.0014493113849312067,0.109375
44,11264,rotate,rotate,0.3333333333333333,82.53904725797474,136.4687426642388,5,3,-0.18750248849391937,-0.0012268014252185822,0.34650298953056335,4.792618710780516e-05,0.022374294698238373,0.17578125
45,11520,rotate,rotate,0.3333333333333333,84.37442392110825,136.53426553491408,6,4,-0.13709279894828796,-0.008410819806158543,0.33018380403518677,4.669673216994852e-05,0.03163852170109749,0.25
46,11776,rotate,rotate,0.3333333333333333,86.0552616410423,136.84230081271028,5,3,-0.22097793221473694,-0.001555139198899269,0.24764081835746765,0.00010985166591126472,0.03132474794983864,0.28125
47,12032,rotate,rotate,0.3333333333333333,87.91649493598379,136.85713936572512,5,4,-0.09722800552845001,-0.009479214437305927,0.3400614559650421,0.00015959465235937387,0.00982414186000824,0.11328125
48,12288,rotate,rotate,0.3333333333333333,89.56742349499837,137.19273727558087,6,4,-0.09431128948926926,-0.0022645331919193268,0.30273938179016113,0.00017259488231502473,0.026081228628754616,0.29296875
49,12544,rotate,rotate,0.3333333333333333,91.18236450408585,137.57046187849085,5,3,-0.15857356786727905,-0.004708416759967804,0.23440247774124146,0.00021659689082298428,0.028236854821443558,0.33984375
50,12800,rotate,rotate,0.5,94.99551730509847,134.74320013322372,6,2,-0.30513039231300354,-0.007894410751760006,0.22665637731552124,6.402344297384843e-05,0.012443557381629944,0.07421875
51,13056,rotate,rotate,0.5,96.63292335392907,135.10923137635933,5,3,-0.19932565093040466,-0.004379997029900551,0.2591162919998169,0.00030781477107666433,0.012439501471817493,0.05078125
52,13312,rotate,rotate,0.5,98.3908228459768,135.2971711684829,6,4,-0.10388974845409393,-0.0013958942145109177,0.32482314109802246,0.00013359788863454014,0.001313012558966875,0.12890625
53,13568,rotate,rotate,0.5,100.04316620505415,135.621457363617,5,2,-0.3462527394294739,-0.012545216828584671,0.1809435337781906,0.0002569671778474003,0.01545121893286705,0.1953125
54,13824,rotate,rotate,0.5,101.67872785404325,135.957641207352,7,6,0.06100751459598541,-0.016180291771888733,0.4495692253112793,0.00030447542667388916,0.01222302671521902,0.17578125
55,14080,rotate,rotate,0.5,103.34199296403676,136.24664665505213,6,4,-0.15561145544052124,-0.0103498175740242,0.346893846988678,0.00021178091992624104,0.003777293721213937,0.01171875
56,14336,rotate,rotate,0.5,105.02231830405071,136.50431862012192,8,6,0.08993524312973022,-0.004549497738480568,0.4165155291557312,0.00030539085855707526,0.00979794841259718,0.02734375
57,14592,rotate,rotate,0.5,106.7124083340168,136.74136145748008,7,6,0.04247181862592697,-0.011696238070726395,0.4778429865837097,0.0002920835104305297,0.012622127309441566,0.1953125
58,14848,rotate,rotate,0.5,108.36555940308608,137.01770268882265,7,5,-0.08615995943546295,-0.01292894035577774,0.2728779911994934,0.00026976599474437535,0.001631841529160738,0.01171875
59,15104,rotate,rotate,0.5,110.01021037297323,137.29634684628033,7,6,0.03653853386640549,-0.006163064390420914,0.3647810220718384,0.0004395026189740747,0.004849656485021114,0.0234375
60,15360,rotate,rotate,0.5,111.65563747193664,137.56582603238962,7,6,0.038852758705616,-0.007135218009352684,0.3690952956676483,0.0004888717085123062,0.021178431808948517,0.27734375
61,15616,rotate,rotate,0.5,113.3658734029159,137.74868513118463,8,7,0.14630979299545288,-0.014810359105467796,0.4525628685951233,0.0003522062033880502,0.016511183232069016,0.078125
62,15872,rotate,rotate,0.5,115.06378065305762,137.9408873054288,6,4,-0.1226128488779068,-0.0024496186524629593,0.28713876008987427,0.0004916973994113505,0.007121258415281773,0.04296875
63,16128,rotate,rotate,0.5,116.72111990302801,138.17550768360647,9,9,0.3305140733718872,-0.0025031762197613716,0.4414787292480469,0.0002899111423175782,0.004411917179822922,0.1484375
64,16384,rotate,rotate,0.5,118.45715566398576,138.31161070990655,7,5,-0.028385646641254425,-0.01968708448112011,0.28519782423973083,0.00047624949365854263,0.007634404115378857,0.1640625
65,16640,rotate,rotate,0.5,120.32172628794797,138.2958881439083,5,3,-0.22765055298805237,-0.017196668311953545,0.22552257776260376,0.0005486233276315033,-0.0015676517505198717,0.12890625
66,16896,rotate,rotate,0.5,122.10840810113586,138.36884996490943,7,5,-0.035905689001083374,-0.0048875948414206505,0.26950597763061523,0.0005916021182201803,0.0071302494034171104,0.11328125
67,17152,rotate,rotate,0.5,124.13813000894152,138.16866742526702,7,5,-0.04811011254787445,-0.0018810895271599293,0.27811291813850403,0.0005534583469852805,0.007795142009854317,0.125
68,17408,rotate,rotate,0.5,126.61358693800867,137.48919386134395,8,6,0.0367773100733757,-0.003869649488478899,0.30256590247154236,0.0005149727803654969,0.03927202522754669,0.20703125
69,17664,rotate,rotate,0.5,129.0959065379575,136.82850582722648,7,6,0.06827700138092041,-0.005769267678260803,0.3547254502773285,0.0006273951148614287,0.02027997188270092,0.27734375
70,17920,rotate,rotate,0.5,131.29586353013292,136.48564027980433,7,6,0.11078453063964844,-0.007315509952604771,0.24498030543327332,0.0007017062162049115,0.021507618948817253,0.1484375
71,18176,rotate,rotate,0.5,133.3597809690982,136.29296529972328,5,1,-0.4176897406578064,-0.009394923225045204,0.08125083148479462,0.0007133801118470728,0.01918405294418335,0.2421875
72,18432,rotate,rotate,0.5,135.671263393946,135.85780465889349,5,2,-0.294638067483902,-0.009313985705375671,0.1206575483083725,0.0007681128336116672,0.0047776829451322556,0.015625
73,18688,rotate,rotate,0.5,138.06828187196516,135.35331755145575,8,6,0.031680647283792496,-0.015664925798773766,0.2762933075428009,0.0007394648273475468,0.002583703026175499,0.12890625
74,18944,rotate,rotate,0.5,140.04577948898077,135.27005290074143,6,3,-0.16316652297973633,-0.011531289666891098,0.1767706423997879,0.0007789535447955132,0.024775031954050064,0.21484375
75,19200,rotate,rotate,0.5,145.3029922840651,132.1376779527313,5,2,-0.2977917790412903,-0.019998788833618164,0.1154816597700119,0.0007895271410234272,0.00854768231511116,0.19140625
76,19456,rotate,rotate,0.5,147.19507130910642,132.1783387647731,5,2,-0.2591800391674042,-0.015897376462817192,0.1065521240234375,0.0008368549752049148,0.01669008657336235,0.2421875
77,19712,rotate,rotate,0.5,148.85440082894638,132.42470420912665,7,5,0.0055461060255765915,-0.018220696598291397,0.34143030643463135,0.0008359323255717754,0.02354617975652218,0.171875
78,19968,rotate,rotate,0.5,150.71255602291785,132.49062007125406,7,4,-0.04890839383006096,-0.019469648599624634,0.22375749051570892,0.000812763930298388,0.0038579257670789957,0.19140625
79,20224,rotate,rotate,0.5,152.40230629313737,132.70140388230254,5,3,-0.19592149555683136,-0.0056801848113536835,0.17373627424240112,0.0008573611848987639,0.0021434701047837734,0.21484375
80,20480,rotate,rotate,0.5,154.07179266307503,132.9250451754382,7,4,-0.13889499008655548,0.003863339778035879,0.23089417815208435,0.0008857299108058214,0.018424347043037415,0.1015625
81,20736,rotate,rotate,0.5,155.73938747309148,133.14550889435563,8,6,0.05379220098257065,-0.015238575637340546,0.3362669348716736,0.0008551128557883203,0.009398380294442177,0.1484375
82,20992,rotate,rotate,0.5,157.41043381299824,133.3583771514044,7,6,0.07001063227653503,-0.006005808711051941,0.27561748027801514,0.0009484415641054511,0.03027922660112381,0.27734375
83,21248,rotate,rotate,0.5,159.09533339296468,133.55514298786846,7,7,0.1825227439403534,-0.011934289708733559,0.3380410075187683,0.0009276949567720294,0.014462600462138653,0.1796875
84,21504,rotate,rotate,0.5,160.77558876294643,133.7516482785599,5,2,-0.3219771683216095,-0.0040223682299256325,0.15103308856487274,0.0008951067575253546,0.0008288617245852947,0.37109375
85,21760,rotate,rotate,0.5,162.4446264631115,133.95333827765205,9,7,0.1282501071691513,-0.004713386297225952,0.35547158122062683,0.0009565214859321713,0.01927199587225914,0.19921875
86,22016,rotate,rotate,0.5,164.13534629298374,134.1332046828058,7,6,0.06528828293085098,-0.008410612121224403,0.2587682902812958,0.0010125779081135988,0.014583928510546684,0.1484375
87,22272,rotate,rotate,0.5,165.84991404390894,134.29009070275106,6,5,-0.01464805006980896,-0.010880677960813046,0.21754634380340576,0.0010436481097713113,0.01343806367367506,0.1171875
88,22528,rotate,rotate,0.5,167.55577841494232,134.4507495540422,7,5,0.04680047929286957,-0.01923304796218872,0.2617201507091522,0.0009777570376172662,0.011419815942645073,0.1796875
89,22784,rotate,rotate,0.5,169.27494346606545,134.597593320523,7,5,-0.00028463080525398254,-0.009162787348031998,0.2345585823059082,0.0011157916160300374,-0.004633255302906036,0.01953125
90,23040,rotate,rotate,0.5,170.9859026959166,134.7479507768229,6,4,-0.07882440835237503,-0.006841061636805534,0.15698900818824768,0.0010533530730754137,0.026242513209581375,0.29296875
91,23296,rotate,rotate,0.5,172.7554551390931,134.8495767108677,10,10,0.4271185100078583,-0.010598726570606232,0.3270813226699829,0.0010091274743899703,0.00017661438323557377,0.09765625
92,23552,rotate,rotate,0.5,174.50977339991368,134.96092248098495,6,3,-0.14351917803287506,0.005105036310851574,0.09382007271051407,0.0011928007006645203,0.01294463686645031,0.22265625
93,23808,rotate,rotate,0.5,176.3962898850441,134.96882511256592,8,7,0.2139776200056076,0.0006702430546283722,0.23586222529411316,0.0012816648231819272,0.024216385558247566,0.35546875
94,24064,rotate,rotate,0.5,178.27992540993728,134.97874168764196,5,1,-0.3050011694431305,-0.01682739332318306,0.056006066501140594,0.0011858483776450157,0.04670153558254242,0.265625
95,24320,rotate,rotate,0.5,180.14483150513843,135.00248548238977,9,9,0.39301836490631104,-0.0019301306456327438,0.2778797745704651,0.0012423463631421328,0.01841617003083229,0.09765625
96,24576,rotate,rotate,0.5,182.14486158196814,134.92557399946418,7,5,0.049924757331609726,-0.014315981417894363,0.14886748790740967,0.001306817284785211,0.01225404441356659,0.1328125
97,24832,rotate,rotate,0.5,184.1104824389331,134.8755359882153,8,6,0.10308710485696793,-0.005269460380077362,0.19230079650878906,0.001282607321627438,0.01605842635035515,0.07421875
98,25088,rotate,rotate,0.5,185.9909892741125,134.88825505963325,7,5,0.054545316845178604,-0.0029198452830314636,0.16672974824905396,0.0014045333955436945,0.027530718594789505,0.1796875
99,25344,rotate,rotate,0.5,187.86693828902207,134.90399231933918,6,5,0.04359747841954231,-0.013959763571619987,0.16947168111801147,0.0014272318221628666,0.034798357635736465,0.34375
100,25600,rotate,rotate,0.6666666666666666,192.15645777108148,133.22477056949924,8,6,0.16683223843574524,-0.011610191315412521,0.15663710236549377,0.0014600339345633984,0.005969836376607418,0.1015625
101,25856,rotate,rotate,0.6666666666666666,194.03302650596015,133.25566510815506,9,8,0.313510000705719,-0.01077769324183464,0.19629749655723572,0.001450302079319954,0.011244546622037888,0.0546875
102,26112,rotate,rotate,0.6666666666666666,195.71728892601095,133.41693083573927,6,4,-0.053880367428064346,-0.00713729253038764,0.15940064191818237,0.001431694719940424,0.0009152936981990933,0.01953125
103,26368,rotate,rotate,0.6666666666666666,197.43080187705345,133.55565468664918,7,5,0.0734902173280716,-0.0058715809136629105,0.12200017273426056,0.0014230429660528898,0.017337659373879433,0.15234375
104,26624,rotate,rotate,0.6666666666666666,199.1194820071105,133.70866442415345,8,5,0.036273859441280365,0.0034756911918520927,0.16608452796936035,0.0016389593947678804,0.004573700949549675,0.24609375
105,26880,rotate,rotate,0.6666666666666666,201.07539510400966,133.68119946299677,6,3,-0.14918875694274902,-0.003935430198907852,0.13705255091190338,0.0013909708941355348,0.011256169527769089,0.32421875
106,27136,rotate,rotate,0.6666666666666666,202.71601250302047,133.86214371987845,9,7,0.2071123719215393,-0.010757978074252605,0.18054623901844025,0.0014802770456299186,-0.000893930671736598,0.234375
107,27392,rotate,rotate,0.6666666666666666,204.40549781313166,134.00813722261952,8,7,0.22563451528549194,-0.010828436352312565,0.18344223499298096,0.0015416631940752268,0.033333055675029755,0.16796875
108,27648,rotate,rotate,0.6666666666666666,206.06560160312802,134.17086493285112,6,4,-0.044614505022764206,-0.008104833774268627,0.14629626274108887,0.0017045056447386742,-0.003875462571159005,0.0390625
109,27904,rotate,rotate,0.6666666666666666,207.62702527013607,134.39483595016162,8,4,-0.05998116359114647,-0.004370028153061867,0.13933135569095612,0.0015857212711125612,0.0033550704829394817,0.1796875
110,28160,rotate,rotate,0.6666666666666666,209.18233357695863,134.61939886830777,9,7,0.2012353092432022,0.0012632869184017181,0.1734696626663208,0.0015477273846045136,0.01745598204433918,0.109375
111,28416,rotate,rotate,0.6666666666666666,210.7217328241095,134.8508272932578,7,4,-0.0015437938272953033,-0.010726531967520714,0.1353684961795807,0.00172623828984797,0.004730047658085823,0.109375
112,28672,rotate,rotate,0.6666666666666666,212.3200633819215,135.04140655998572,7,6,0.17380082607269287,0.009005889296531677,0.15574407577514648,0.001733849523589015,0.024150468409061432,0.33203125
113,28928,rotate,rotate,0.6666666666666666,213.91694763000123,135.2300522258524,10,8,0.33415913581848145,-0.0035419678315520287,0.19107668101787567,0.0017397206975147128,-0.0030384643469005823,0.09375
114,29184,rotate,rotate,0.6666666666666666,215.48669952712953,135.4329527717592,7,5,0.05888335034251213,-0.006870001554489136,0.12611402571201324,0.0019071681890636683,0.01707465387880802,0.26953125
115,29440,rotate,rotate,0.6666666666666666,217.0522683649324,135.63553249995158,9,7,0.23797139525413513,0.0016824603080749512,0.16440275311470032,0.0019644945859909058,0.045045606791973114,0.2890625
116,29696,rotate,rotate,0.6666666666666666,218.59199269092642,135.85127082851585,6,3,-0.08973642438650131,-0.025395287200808525,0.13885270059108734,0.001830591238103807,0.010188549757003784,0.078125
117,29952,rotate,rotate,0.6666666666666666,220.1758933989331,136.03669110918725,6,4,-0.018839895725250244,-0.0024662241339683533,0.12483219802379608,0.0017595184035599232,0.013206408359110355,0.171875
118,30208,rotate,rotate,0.6666666666666666,221.75210719695315,136.224184662066,8,6,0.14853441715240479,-0.015151141211390495,0.1472928822040558,0.0018508380744606256,0.010678284801542759,0.171875
119,30464,rotate,rotate,0.6666666666666666,223.38515321607701,136.37432730604365,7,3,-0.14701581001281738,-0.005186795257031918,0.12168307602405548,0.0018444679444655776,0.0012154914438724518,0.078125
120,30720,rotate,rotate,0.6666666666666666,224.9395000031218,136.5700555019179,5,2,-0.18815618753433228,-0.009510936215519905,0.09913243353366852,0.0018839157419279218,0.0016672618221491575,0.08984375
121,30976,rotate,rotate,0.6666666666666666,226.47573141893372,136.77403669667697,7,3,-0.14213237166404724,-0.009690875187516212,0.14057700335979462,0.0018846807070076466,-0.0024003656581044197,0.15625
122,31232,rotate,rotate,0.6666666666666666,228.03429988701828,136.96185185945353,7,4,-0.05111566185951233,-0.013980604708194733,0.15375030040740967,0.0019097320036962628,0.008798636496067047,0.0546875
123,31488,rotate,rotate,0.6666666666666666,229.594787734095,137.14597056300684,7,5,0.053654544055461884,-0.009161058813333511,0.1791006624698639,0.0019975428003817797,0.029326489195227623,0.19140625
124,31744,rotate,rotate,0.6666666666666666,231.1366862601135,137.33864802524843,7,3,-0.13201352953910828,-0.016925383359193802,0.11255884170532227,0.001954236999154091,0.030502263456583023,0.32421875
125,32000,rotate,rotate,0.5,234.71260486613028,136.33694712838874,8,7,0.27477025985717773,-0.011442549526691437,0.21718385815620422,0.0019993085879832506,0.021299175918102264,0.21875
126,32256,rotate,rotate,0.5,236.29347992292605,136.50821008908594,8,6,0.13067296147346497,-0.01000223122537136,0.21156801283359528,0.0021677762269973755,0.01523415558040142,0.10546875
127,32512,rotate,rotate,0.5,237.849009440979,136.69176119931535,7,4,0.002260889858007431,-0.001956988126039505,0.14516553282737732,0.002115868031978607,0.0012236274778842926,0.0625
128,32768,rotate,rotate,0.5,239.35766333597712,136.8997321552426,6,3,-0.09575968235731125,0.0018931012600660324,0.11624261736869812,0.002107911743223667,0.0422946996986866,0.20703125
129,33024,rotate,rotate,0.5,240.9060858229641,137.08246467575137,7,4,0.007850870490074158,-0.009581277146935463,0.11727098375558853,0.002157080452889204,0.003372123232111335,0.12890625
130,33280,rotate,rotate,0.5,242.47134340112098,137.25333284001653,12,10,0.5080422759056091,-0.013416867703199387,0.21404756605625153,0.0023000186774879694,0.04650913551449776,0.21875
131,33536,rotate,rotate,0.5,244.00889037712477,137.43761527774203,6,3,-0.05555405840277672,-0.008136243559420109,0.1284915655851364,0.0022091753780841827,0.007092303596436977,0.15625
132,33792,rotate,rotate,0.5,245.53863581409678,137.6239624691274,9,7,0.2465449571609497,-0.0011274907737970352,0.18388566374778748,0.0021979412995278835,0.03429640457034111,0.2890625
133,34048,rotate,rotate,0.5,247.1184537820518,137.78007865826532,12,12,0.682975172996521,0.0033338647335767746,0.2815578579902649,0.0022990878205746412,0.003437318839132786,0.21875
134,34304,rotate,rotate,0.5,248.66655149799772,137.95180651900512,8,6,0.13820528984069824,-0.0021771229803562164,0.17217010259628296,0.002285746159031987,0.03396234288811684,0.22265625
135,34560,rotate,rotate,0.5,250.2025076749269,138.12811198879643,5,3,-0.11367838084697723,0.0006392421200871468,0.15211687982082367,0.002439691685140133,0.037353359162807465,0.3203125
136,34816,rotate,rotate,0.5,251.77374623296782,138.28288501448654,11,9,0.4063967168331146,-0.005639398470520973,0.19182182848453522,0.0024451594799757004,0.04320497810840607,0.19921875
137,35072,rotate,rotate,0.5,253.29952043900266,138.46058586773253,6,3,-0.08954758942127228,-0.01173304207623005,0.10958661139011383,0.0024097468703985214,0.023094432428479195,0.31640625
138,35328,rotate,rotate,0.5,254.85031836596318,138.62254607533686,9,6,0.15500971674919128,-0.003077089786529541,0.12431676685810089,0.002442664001137018,0.026002442464232445,0.2421875
139,35584,rotate,rotate,0.5,256.3978404230438,138.7843202629482,10,8,0.2755381762981415,6.103515625e-05,0.171019047498703,0.0025268206372857094,0.016992472112178802,0.3203125
140,35840,rotate,rotate,0.5,257.9336574890185,138.95045861366845,9,7,0.278024822473526,-0.010387653484940529,0.14604613184928894,0.0026205030735582113,0.021279141306877136,0.12890625
141,36096,rotate,rotate,0.5,259.46169136604294,139.1188032805835,10,8,0.31209349632263184,-0.011905288323760033,0.15657581388950348,0.0026342892087996006,0.02238484099507332,0.15234375
142,36352,rotate,rotate,0.5,261.0262945930008,139.26566308839122,9,7,0.2790619730949402,-0.006783749908208847,0.14985297620296478,0.0025647939182817936,0.04550235718488693,0.24609375
143,36608,rotate,rotate,0.5,262.578858820023,139.41716467391566,9,7,0.23794220387935638,-0.017412308603525162,0.18935872614383698,0.0028181117959320545,0.029680507257580757,0.296875
144,36864,rotate,rotate,0.5,264.14367770706303,139.56041015254738,9,7,0.2575260400772095,0.005144455470144749,0.15808072686195374,0.002678577322512865,0.041170164942741394,0.2734375
145,37120,rotate,rotate,0.5,265.7458550860174,139.68232914859533,6,3,-0.12616440653800964,-0.009858162142336369,0.13333173096179962,0.002646795706823468,0.06994480639696121,0.40625
146,37376,rotate,rotate,0.5,267.314677902963,139.8202309473172,9,7,0.2451663762331009,-0.016163693740963936,0.1328582763671875,0.0027794037014245987,0.015203435905277729,0.06640625
147,37632,rotate,rotate,0.5,268.84126709913835,139.97851001841454,7,4,-0.013792704790830612,-0.01720486208796501,0.12737935781478882,0.002753935754299164,0.01687060296535492,0.11328125
148,37888,rotate,rotate,0.5,270.35283644497395,140.14278710078008,6,2,-0.16419827938079834,-0.008726032450795174,0.10841476917266846,0.002685626270249486,0.028141513466835022,0.19921875
149,38144,rotate,rotate,0.5,271.9403365829494,140.2660615901864,10,8,0.3776797950267792,-0.003290083259344101,0.13444282114505768,0.0027323502581566572,0.026103440672159195,0.3828125
150,38400,rotate,rotate,0.6666666666666666,275.3626976250671,139.45243975015566,9,9,0.4336661696434021,-0.011980431154370308,0.19921287894248962,0.0028629028238356113,0.010161833837628365,0.1484375
151,38656,rotate,rotate,0.6666666666666666,276.8586576511152,139.62359106975282,7,3,-0.11110752820968628,-0.017089447006583214,0.13977810740470886,0.002930618356913328,0.015837812796235085,0.37109375
152,38912,rotate,rotate,0.6666666666666666,278.3581337260548,139.79113697570307,7,3,-0.12469837069511414,-0.008451680652797222,0.1295282244682312,0.0028800570871680975,0.0020496123470366,0.21484375
153,39168,rotate,rotate,0.6666666666666666,279.85096844192594,139.9602088857093,7,4,-0.013616997748613358,-0.015084818005561829,0.11484573781490326,0.0028961317148059607,0.009852202609181404,0.125
154,39424,rotate,rotate,0.6666666666666666,281.3830837979913,140.10792499631222,8,5,0.05835479870438576,-0.006426291540265083,0.14102566242218018,0.002981987316161394,0.014162788167595863,0.125
155,39680,rotate,rotate,0.6666666666666666,282.8974547749385,140.26283846055725,7,5,0.0999322459101677,-0.00768791139125824,0.141861692070961,0.0029475511983036995,0.06354410201311111,0.41796875
156,39936,rotate,rotate,0.6666666666666666,284.39568461012095,140.4240716758709,9,7,0.27735769748687744,-0.01988355442881584,0.1718156933784485,0.003133463906124234,0.01416719052940607,0.203125
157,40192,rotate,rotate,0.6666666666666666,285.87622218602337,140.5923154177074,9,6,0.18746265769004822,-0.005308406427502632,0.1511038839817047,0.0031436989083886147,-0.004530706442892551,0.234375
158,40448,rotate,rotate,0.6666666666666666,287.4129882019479,140.73128793880258,10,8,0.3699229955673218,-0.008838148787617683,0.16797827184200287,0.003037107875570655,0.01962282694876194,0.1640625
159,40704,rotate,rotate,0.6666666666666666,288.95065314904787,140.86834397638088,6,3,-0.06377586722373962,0.00419175298884511,0.1356307417154312,0.003226716537028551,0.024485670030117035,0.37890625
160,40960,rotate,rotate,0.6666666666666666,290.4644321750384,141.0155442898319,5,2,-0.15024630725383759,-0.016281545162200928,0.15877145528793335,0.00310483667999506,0.0345994308590889,0.22265625
161,41216,rotate,rotate,0.6666666666666666,291.9719042410143,141.1642675247869,8,6,0.18172508478164673,-0.006916562095284462,0.14726440608501434,0.0031387391500175,0.03824886679649353,0.2890625
162,41472,rotate,rotate,0.6666666666666666,293.48511739703827,141.30869860734722,10,10,0.5270251631736755,-0.005131823942065239,0.25221529603004456,0.003211694536730647,0.018450025469064713,0.23046875
163,41728,rotate,rotate,0.6666666666666666,295.00919078313746,141.44644066589245,12,10,0.5195373892784119,-0.005384901538491249,0.17926330864429474,0.0032631782814860344,0.02532670460641384,0.1953125
164,41984,rotate,rotate,0.6666666666666666,296.5055099190213,141.59601962022987,8,5,0.09304112195968628,-0.003461218439042568,0.11491678655147552,0.003471935633569956,0.05574359372258186,0.33984375
165,42240,rotate,rotate,0.6666666666666666,297.9666347941384,141.76083852201478,8,6,0.1824333816766739,-0.003942564129829407,0.15249000489711761,0.0034429244697093964,-0.004011922981590033,0.18359375
166,42496,rotate,rotate,0.6666666666666666,299.4827890400775,141.8979706186491,10,8,0.34546348452568054,-0.02177371457219124,0.20710527896881104,0.0034391973167657852,0.031571775674819946,0.2109375
167,42752,rotate,rotate,0.6666666666666666,301.1384326890111,141.96793022480279,10,9,0.43529850244522095,-0.014173969626426697,0.18934737145900726,0.0033897669054567814,0.014254540205001831,0.20703125
168,43008,rotate,rotate,0.6666666666666666,302.63251295499504,142.11295270312146,9,6,0.18183863162994385,-0.003155800513923168,0.13245311379432678,0.003449562471359968,0.03769991919398308,0.16796875
169,43264,rotate,rotate,0.6666666666666666,304.12733513093553,142.2562032491213,4,0,-0.32921069860458374,-0.014257303439080715,0.1034584790468216,0.0032860771752893925,0.002981070429086685,0.21875
170,43520,rotate,rotate,0.6666666666666666,305.6491464569699,142.38547859359673,13,12,0.7280034422874451,-0.0024580080062150955,0.16465337574481964,0.0034854321274906397,0.03932122141122818,0.26171875
171,43776,rotate,rotate,0.6666666666666666,307.15389918303117,142.52138786593798,9,7,0.27084213495254517,0.00022388622164726257,0.16222794353961945,0.0035058092325925827,0.02921847626566887,0.23046875
172,44032,rotate,rotate,0.6666666666666666,308.64438101812266,142.66256801679657,10,8,0.3562043309211731,-0.0035220407880842686,0.149569571018219,0.0035324401687830687,0.0180972833186388,0.26171875
173,44288,rotate,rotate,0.6666666666666666,310.1587507650256,142.79139276503057,11,9,0.4875712990760803,-0.007436998188495636,0.11848156154155731,0.003450211603194475,0.0321987010538578,0.34375
174,44544,rotate,rotate,0.6666666666666666,311.6808012709953,142.91544367941543,10,9,0.4939419627189636,-0.009987030178308487,0.13400565087795258,0.0036900988779962063,0.021900031715631485,0.15625
175,44800,rotate,transport,0.8333333333333334,314.1314814090729,142.61544178585493,8,8,0.3520662486553192,0.0020815078169107437,0.2190534472465515,0.003469812450930476,0.013250838965177536,0.09765625
176,45056,transport,transport,0.8333333333333334,315.63595642498694,142.74672794038239,8,5,0.18798652291297913,0.003434363752603531,0.14393679797649384,0.003540545469149947,0.019785337150096893,0.234375
177,45312,transport,transport,0.8333333333333334,317.1202681399882,142.8858529471149,4,0,-0.25163620710372925,-0.017453772947192192,0.10315436124801636,0.0035809169057756662,0.04629860818386078,0.296875
178,45568,transport,transport,0.8333333333333334,318.59870211593807,143.02632024978496,5,1,-0.25947296619415283,-0.008024634793400764,0.1312071979045868,0.0035719566512852907,0.004039139021188021,0.3125
179,45824,transport,transport,0.8333333333333334,320.1034322620835,143.15372901869347,6,4,-0.005159210413694382,-0.00481778010725975,0.15080243349075317,0.0036348788999021053,0.056718215346336365,0.30078125
180,46080,transport,transport,0.8333333333333334,321.57887626695447,143.29299403903414,6,3,-0.08529634773731232,-0.005076488945633173,0.17900633811950684,0.0037400568835437298,0.04781091958284378,0.23828125
181,46336,transport,transport,0.8333333333333334,323.0602508620359,143.42835392580676,6,4,0.04251318424940109,-0.007658388465642929,0.1555720716714859,0.0037157137412577868,0.04788867011666298,0.390625
182,46592,transport,transport,0.8333333333333334,324.58210183796473,143.54457542843593,7,4,0.0010579675436019897,-0.01178627461194992,0.150983527302742,0.0038073710165917873,0.0462690144777298,0.37890625
183,46848,transport,transport,0.8333333333333334,326.24457114795223,143.5977917890146,4,1,-0.2042379528284073,-0.0009612105786800385,0.08885736763477325,0.0036885307636111975,0.01653881184756756,0.265625
184,47104,transport,transport,0.8333333333333334,328.13976437295787,143.54858848031117,8,5,0.1367468535900116,-0.014029473066329956,0.13985411822795868,0.0038089430890977383,0.03366890549659729,0.265625
185,47360,transport,transport,0.8333333333333334,329.84870282397605,143.58097999031298,6,3,-0.15574154257774353,-0.02165122888982296,0.16429443657398224,0.00369584490545094,0.030502719804644585,0.390625
186,47616,transport,transport,0.8333333333333334,331.32412017905153,143.71425773127456,5,2,-0.21052393317222595,-0.02113504335284233,0.13246747851371765,0.00388039811514318,0.0611116960644722,0.36328125
187,47872,transport,transport,0.8333333333333334,332.8130981849972,143.84049264007606,5,3,-0.14074081182479858,0.0019535026513040066,0.132074236869812,0.0037921592593193054,0.010966949164867401,0.2109375
188,48128,transport,transport,0.8333333333333334,334.30107109993696,143.96603588988344,6,3,-0.09008300304412842,-0.002061558188870549,0.17446264624595642,0.003747493028640747,0.03859860450029373,0.32421875
189,48384,transport,transport,0.8333333333333334,335.79286565608345,144.08882662073748,6,3,-0.06792134791612625,-0.011519808322191238,0.14840653538703918,0.004007288720458746,0.053327083587646484,0.3359375
190,48640,transport,transport,0.8333333333333334,337.2596266011242,144.22123540309306,5,3,-0.0368344709277153,-0.014394592493772507,0.16980303823947906,0.003915129229426384,0.02505664713680744,0.24609375
191,48896,transport,transport,0.8333333333333334,338.7707337869797,144.33360123352918,7,4,-0.010020025074481964,-0.020925134420394897,0.1724039912223816,0.003863151650875807,0.08032248914241791,0.33984375
192,49152,transport,transport,0.8333333333333334,340.26281786197796,144.4530445872511,6,3,-0.10276482999324799,-0.00926266610622406,0.1589611917734146,0.0039998311549425125,0.033272020518779755,0.2578125
193,49408,transport,transport,0.8333333333333334,341.76142366812564,144.56868616037437,8,8,0.3505352735519409,-0.0004424923099577427,0.262973427772522,0.004050497896969318,0.03587590157985687,0.20703125
194,49664,transport,transport,0.8333333333333334,343.25103653408587,144.68710859979652,6,4,-0.050397858023643494,-0.007595457136631012,0.17375034093856812,0.004005052614957094,0.08627443015575409,0.484375
195,49920,transport,transport,0.8333333333333334,344.7484743890818,144.8012209146442,5,1,-0.2748904526233673,-0.027721457183361053,0.0856495350599289,0.004005059599876404,-0.0026824630331248045,0.37890625
196,50176,transport,transport,0.8333333333333334,346.2369145650882,144.918112105483,9,7,0.23318082094192505,0.008650369010865688,0.17505308985710144,0.0040200999937951565,0.039162471890449524,0.328125
197,50432,transport,transport,0.8333333333333334,347.70567088993266,145.04221306176052,7,5,0.1061314269900322,-0.015643702819943428,0.16464215517044067,0.004110792651772499,0.04530320316553116,0.17578125
198,50688,transport,transport,0.8333333333333334,349.199018035084,145.1550473572849,8,5,0.14622627198696136,-0.010084325447678566,0.12178793549537659,0.0041748820804059505,0.04352058842778206,0.328125
199,50944,transport,transport,0.8333333333333334,350.7215719819069,145.2548233977125,6,4,0.0023584291338920593,-0.020797252655029297,0.1528514176607132,0.004216700792312622,0.04387576878070831,0.234375
200,51200,transport,transport,0.5,353.79000758496113,144.71861528679423,5,2,-0.1074194386601448,-0.008853670209646225,0.08706299215555191,0.004060298670083284,0.03237529471516609,0.3515625
201,51456,transport,transport,0.5,355.3065873209853,144.8214073034184,7,4,-0.019409723579883575,-0.01004699058830738,0.14784806966781616,0.004116405267268419,0.05363242328166962,0.34765625
202,51712,transport,transport,0.5,356.79336202610284,144.93543183187577,5,2,-0.16169923543930054,0.007806919515132904,0.0887310802936554,0.004181882832199335,0.031501684337854385,0.33984375
203,51968,transport,transport,0.5,358.26344904094003,145.0552662827221,5,1,-0.2272455394268036,-0.00412476621568203,0.06770997494459152,0.004027665127068758,0.04671274870634079,0.40625
204,52224,transport,transport,0.5,359.74749373691157,145.1684887572619,6,2,-0.16496071219444275,-0.0037770364433526993,0.08907272666692734,0.004047241993248463,0.016775701195001602,0.29296875
205,52480,transport,transport,0.5,361.23025417211466,145.28129743804615,9,7,0.26935988664627075,0.012307852506637573,0.1681676059961319,0.004188429564237595,0.061580486595630646,0.296875
206,52736,transport,transport,0.5,362.7106399969198,145.39413566816745,6,5,0.09328639507293701,-0.012754049152135849,0.15242725610733032,0.004169862251728773,0.07074270397424698,0.296875
207,52992,transport,transport,0.5,364.1979102930054,145.5033060386501,10,8,0.3569309711456299,-0.020093785598874092,0.18467959761619568,0.0043746777810156345,0.04743141680955887,0.29296875
208,53248,transport,transport,0.5,365.71756267896853,145.5986953701257,9,8,0.32602888345718384,-0.006948944181203842,0.18889467418193817,0.004373234696686268,0.03851473331451416,0.18359375
209,53504,transport,transport,0.5,367.20885504502803,145.70454733026307,7,5,0.1002543717622757,-0.009613905102014542,0.13196086883544922,0.00446478184312582,0.0035831285640597343,0.25390625
210,53760,transport,transport,0.5,368.6934854600113,145.8121776492057,6,2,-0.11531466245651245,-0.003289676271378994,0.06771320104598999,0.00434131221845746,0.014959444291889668,0.21875
211,54016,transport,transport,0.5,370.1768633450847,145.9194383784203,5,2,-0.22187170386314392,-0.02114659920334816,0.12308543920516968,0.004404390696436167,0.015473192557692528,0.2109375
212,54272,transport,transport,0.5,371.68448139098473,146.0163195323451,8,6,0.15713627636432648,0.007162559777498245,0.16550381481647491,0.004341251216828823,0.045109689235687256,0.39453125
213,54528,transport,transport,0.5,373.1953191969078,146.1111573353619,7,4,0.023597948253154755,-0.0023882724344730377,0.16269108653068542,0.004410193767398596,0.03034544549882412,0.1640625
214,54784,transport,transport,0.5,374.69106906303205,146.21111770023003,7,4,-0.04226955026388168,-0.01002661231905222,0.14520984888076782,0.004480868577957153,0.009756048209965229,0.2734375
215,55040,transport,transport,0.5,376.1644081880804,146.31899988921936,4,2,-0.08008003234863281,0.00403555016964674,0.1090693324804306,0.0044215102680027485,0.0523412860929966,0.3671875
216,55296,transport,transport,0.5,377.6638545640744,146.4159181021611,9,6,0.11752431094646454,-0.0022964999079704285,0.16823731362819672,0.004375920630991459,0.008994302712380886,0.1640625
217,55552,transport,transport,0.5,379.1677403501235,146.51035435847808,8,5,0.08962126076221466,-0.012116735801100731,0.1619648039340973,0.0044204858131706715,0.02155955508351326,0.22265625
218,55808,transport,transport,0.5,380.67934190598316,146.60107302009303,6,5,0.07691782712936401,0.022905992344021797,0.16707150638103485,0.004470465704798698,0.01515570841729641,0.36328125
219,56064,transport,transport,0.5,382.1790401020553,146.69564292439725,5,2,-0.19095346331596375,0.006293071433901787,0.13679860532283783,0.004603914450854063,0.013967334292829037,0.25390625
220,56320,transport,transport,0.5,383.6981176380068,146.78205967414755,7,4,0.041688479483127594,-0.010424482636153698,0.09122280031442642,0.004507348407059908,0.03612179309129715,0.33984375
221,56576,transport,transport,0.5,385.2909395159222,146.83968450200732,8,6,0.25096410512924194,-0.008877627551555634,0.170490100979805,0.004555713385343552,0.054700981825590134,0.22265625
222,56832,transport,transport,0.5,386.8364987329114,146.91478230765205,6,4,-0.028083890676498413,-0.014456156641244888,0.18137408792972565,0.004486501682549715,0.04183393344283104,0.1953125
223,57088,transport,transport,0.5,388.3599822791293,146.99763777146495,7,5,0.11428644508123398,-0.013716261833906174,0.19909340143203735,0.004650461953133345,0.04206317663192749,0.2421875
224,57344,transport,transport,0.5,389.86274664499797,147.08766224390354,4,1,-0.291419118642807,0.012025725096464157,0.10271501541137695,0.004765649326145649,-0.0007594767957925797,0.3828125
225,57600,transport,transport,0.6666666666666666,392.9760311390273,146.57382495580813,5,1,-0.21928009390830994,-0.018639057874679565,0.06047339737415314,0.004700168035924435,0.0327826626598835,0.2109375
226,57856,transport,transport,0.6666666666666666,394.52640687604435,146.64671107345595,9,6,0.1384478509426117,-0.015015248209238052,0.2042824625968933,0.0046146949753165245,0.04472063481807709,0.296875
227,58112,transport,transport,0.6666666666666666,396.0619101130869,146.724536028742,7,4,-0.03613138571381569,-0.0007066177204251289,0.13427001237869263,0.004644633270800114,0.037272099405527115,0.3125
228,58368,transport,transport,0.6666666666666666,397.5682299491018,146.8125358192542,7,5,0.13807708024978638,-0.013283499516546726,0.1315944939851761,0.004713923204690218,0.0303327776491642,0.16796875
229,58624,transport,transport,0.6666666666666666,399.0766570640262,146.89909560557086,8,7,0.23002973198890686,0.045113299041986465,0.21600870788097382,0.004745373036712408,0.032981935888528824,0.42578125
230,58880,transport,transport,0.6666666666666666,400.55927157006226,146.99447542235015,6,3,-0.04054483771324158,-0.009618952870368958,0.11150030791759491,0.004933714866638184,0.02456938847899437,0.1875
231,59136,transport,transport,0.6666666666666666,402.0648621460423,147.08074633619685,7,6,0.20126377046108246,-0.01095668040215969,0.19789525866508484,0.004809071775525808,0.03014514595270157,0.30078125
232,59392,transport,transport,0.6666666666666666,403.5604227310978,147.17003118904537,8,5,0.058376193046569824,0.0008832402527332306,0.14990971982479095,0.004807454999536276,0.02777300775051117,0.34765625
233,59648,transport,transport,0.6666666666666666,405.1639529799577,147.2194146623666,4,1,-0.2769329845905304,-0.010257847607135773,0.07327865064144135,0.004766229540109634,0.009883617050945759,0.296875
234,59904,transport,transport,0.6666666666666666,406.65491247503087,147.30917582036633,8,6,0.14846813678741455,-0.004908522125333548,0.18059028685092926,0.004886189941316843,0.04290219768881798,0.28125
235,60160,transport,transport,0.6666666666666666,408.14699771092273,147.39787463194665,7,5,0.13381527364253998,-0.007215142250061035,0.14981985092163086,0.004968730732798576,0.03349600359797478,0.2734375
236,60416,transport,transport,0.6666666666666666,409.66342470701784,147.4771638283505,7,4,0.04134397581219673,-0.0036314036697149277,0.12468413263559341,0.004935866687446833,0.02512899599969387,0.33203125
237,60672,transport,transport,0.6666666666666666,411.1699939731043,147.55940581590377,9,7,0.29261040687561035,-0.004471991676837206,0.1911698430776596,0.004984694067388773,0.04157659783959389,0.22265625
238,60928,transport,transport,0.6666666666666666,412.65687280800194,147.64809219195567,5,3,-0.0745898112654686,-0.001991857774555683,0.1275354027748108,0.004849150776863098,0.02933729626238346,0.33984375
239,61184,transport,transport,0.6666666666666666,414.14474385394715,147.73578780847026,7,5,0.12160241603851318,-0.02241705358028412,0.16234205663204193,0.004891867749392986,0.021921858191490173,0.23828125
240,61440,transport,transport,0.6666666666666666,415.6459796701092,147.8181024360294,9,7,0.2871949076652527,-0.0016483180224895477,0.17751941084861755,0.005011968780308962,0.043035876005887985,0.37890625
241,61696,transport,transport,0.6666666666666666,417.12177098495886,147.9088465085768,8,7,0.30523765087127686,-0.007323425263166428,0.19236767292022705,0.004833979997783899,0.06799571216106415,0.3984375
242,61952,transport,transport,0.6666666666666666,418.62900392105803,147.9878350991716,9,7,0.2327674776315689,-0.0021273475140333176,0.16321653127670288,0.005068462807685137,0.022336553782224655,0.3203125
243,62208,transport,transport,0.6666666666666666,420.12370748608373,148.07067273645964,7,5,0.05527227371931076,0.004833383485674858,0.15313149988651276,0.005081241484731436,0.034533239901065826,0.35546875
244,62464,transport,transport,0.6666666666666666,421.62410690193065,148.15092158506266,8,7,0.2372361272573471,-0.0010844897478818893,0.16591450572013855,0.00520934397354722,0.04316075146198273,0.31640625
245,62720,transport,transport,0.6666666666666666,423.13099420792423,148.22832848113163,6,3,-0.10132219642400742,-0.00019984692335128784,0.10253210365772247,0.0051265498623251915,0.04520244151353836,0.3984375
246,62976,transport,transport,0.6666666666666666,424.6329063640442,148.30692359487026,5,2,-0.23840056359767914,-0.005946159362792969,0.1292644888162613,0.005166479852050543,0.02971312776207924,0.26953125
247,63232,transport,transport,0.6666666666666666,426.13963257009163,148.3832884039472,7,5,0.06193023547530174,-0.006178536918014288,0.13409423828125,0.0051522571593523026,0.06931125372648239,0.46484375
248,63488,transport,transport,0.6666666666666666,427.6825750370044,148.4465435481135,7,5,0.07790553569793701,-5.4312869906425476e-05,0.11489573121070862,0.005319206975400448,0.06862769275903702,0.41015625
249,63744,transport,transport,0.6666666666666666,429.1805808620993,148.52489334898794,7,3,-0.11721943318843842,0.016391856595873833,0.09649990499019623,0.005134977400302887,0.040899939835071564,0.3359375
250,64000,transport,transport,0.6666666666666666,432.26481847604737,148.0573881206258,5,3,-0.09525829553604126,0.0345475971698761,0.12303057312965393,0.005258634686470032,0.030763663351535797,0.5390625
251,64256,transport,transport,0.6666666666666666,433.7804017821327,148.1302514728933,6,2,-0.18877026438713074,0.02034079097211361,0.09565196186304092,0.005271762143820524,0.014522706158459187,0.265625
252,64512,transport,transport,0.6666666666666666,435.27715485799126,148.20901873668737,5,2,-0.22385728359222412,0.02138477936387062,0.14593219757080078,0.005181236192584038,0.07956825196743011,0.546875
253,64768,transport,transport,0.6666666666666666,436.78375690290704,148.2839024492326,8,6,0.128442645072937,-0.002298153005540371,0.1469583958387375,0.005538277328014374,0.021947713568806648,0.3515625
254,65024,transport,transport,0.6666666666666666,438.3252498500515,148.3464619531828,5,3,-0.09828078001737595,-0.01183876022696495,0.1151227205991745,0.005213448777794838,0.04564037173986435,0.33984375
255,65280,transport,transport,0.6666666666666666,439.84964885702357,148.41435060738164,6,3,-0.14167815446853638,-0.007625289261341095,0.10155358910560608,0.005433173850178719,0.04925854504108429,0.36328125
256,65536,transport,transport,0.6666666666666666,441.3753356030211,148.4813371151848,10,9,0.41588789224624634,0.039568305015563965,0.25515103340148926,0.005374629516154528,0.066979318857193,0.5625
